time,area,title
2007-08-16,서울·인천·경기도,제 08-1호 | 폭염주의보 발표
2007-08-16,서울·인천·경기도,제 08-2호 | 폭염주의보 발표
2007-08-19,서울·인천·경기도,제 08-3호 | 폭염주의보 해제
2007-08-19,서울·인천·경기도,제 08-4호 | 폭염주의보 발표
2007-08-21,서울·인천·경기도,제 08-5호 | 폭염주의보 해제
2007-08-22,서울·인천·경기도,제 08-6호 | 폭염주의보 발표
2007-08-26,서울·인천·경기도,제 08-7호 | 폭염주의보 해제
2008-07-07,서울·인천·경기도,제 07-6호 | 폭염주의보 발표
2008-07-09,서울·인천·경기도,제 07-3호 | 폭염주의보 발표
2008-07-09,서울·인천·경기도,제 07-7호 | 폭염주의보 발표
2008-07-09,서울·인천·경기도,제 07-4호 | 폭염주의보 해제
2008-07-09,서울·인천·경기도,제 07-8호 | 폭염주의보 해제
2008-07-10,서울·인천·경기도,제 07-9호 | 폭염주의보 해제
2008-07-29,서울·인천·경기도,제 07-52호 | 폭염주의보 발표
2008-07-29,서울·인천·경기도,제 07-53호 | 폭염주의보 발표
2008-07-30,서울·인천·경기도,제 07-54호 | 폭염주의보 해제
2008-08-04,서울·인천·경기도,제 08-13호 | 폭염주의보 발표
2008-08-05,서울·인천·경기도,제 08-14호 | 폭염주의보 발표
2008-08-06,서울·인천·경기도,제 08-15호 | 폭염주의보 발표
2008-08-06,서울·인천·경기도,제 08-16호 | 폭염주의보 발표
2008-08-06,서울·인천·경기도,제 08-17호 | 폭염주의보 발표·폭염경보 대치
2008-08-07,서울·인천·경기도,제 08-18호 | 폭염경보 대치
2008-08-08,서울·인천·경기도,제 08-19호 | 폭염주의보 발표·폭염경보 대치
2008-08-09,서울·인천·경기도,제 08-20호 | 폭염경보 대치
2008-08-09,서울·인천·경기도,제 08-21호 | 폭염주의보 대치
2008-08-11,서울·인천·경기도,제 08-22호 | 폭염주의보 해제
2008-08-14,서울·인천·경기도,제 08-39호 | 폭염주의보 발표
2008-08-14,서울·인천·경기도,제 08-40호 | 폭염주의보 해제
2009-07-30,서울·인천·경기도,제 07-67호 | 폭염주의보 발표
2009-08-02,서울·인천·경기도,제 08-1호 | 폭염주의보 해제
2009-08-09,서울·인천·경기도,제 08-2호 | 폭염주의보 발표
2009-08-09,서울·인천·경기도,제 08-3호 | 폭염주의보 발표
2009-08-10,서울·인천·경기도,제 08-4호 | 폭염주의보 발표
2009-08-10,서울·인천·경기도,제 08-5호 | 폭염주의보 해제
2009-08-13,서울·인천·경기도,제 08-20호 | 폭염주의보 발표
2009-08-14,서울·인천·경기도,제 08-21호 | 폭염주의보 발표
2009-08-14,서울·인천·경기도,제 08-22호 | 폭염주의보 발표
2009-08-15,서울·인천·경기도,제 08-23호 | 폭염경보 대치
2009-08-15,서울·인천·경기도,제 08-24호 | 폭염경보 대치
2009-08-16,서울·인천·경기도,제 08-25호 | 폭염주의보 해제·폭염주의보 대치
2009-08-16,서울·인천·경기도,제 08-26호 | 폭염주의보 해제
2009-08-17,서울·인천·경기도,제 08-27호 | 폭염주의보 해제
2010-07-19,서울·인천·경기도,제 07-22호 | 폭염주의보 발표
2010-07-20,서울·인천·경기도,제 07-23호 | 폭염주의보 해제
2010-07-22,서울·인천·경기도,제 07-24호 | 폭염주의보 발표
2010-07-23,서울·인천·경기도,제 07-25호 | 폭염주의보 해제
2010-07-29,서울·인천·경기도,제 07-38호 | 폭염주의보 발표
2010-07-30,서울·인천·경기도,제 07-39호 | 폭염주의보 발표
2010-07-31,서울·인천·경기도,제 07-40호 | 폭염주의보 해제
2010-08-03,서울·인천·경기도,제 08-1호 | 폭염주의보 발표
2010-08-05,서울·인천·경기도,제 08-2호 | 폭염주의보 발표
2010-08-06,서울·인천·경기도,제 08-3호 | 폭염주의보 해제
2010-08-08,서울·인천·경기도,제 08-8호 | 폭염주의보 발표
2010-08-09,서울·인천·경기도,제 08-9호 | 폭염주의보 발표
2010-08-10,서울·인천·경기도,제 08-10호 | 폭염주의보 해제
2010-08-19,서울·인천·경기도,제 08-37호 | 폭염주의보 발표
2010-08-19,서울·인천·경기도,제 08-38호 | 폭염주의보 발표
2010-08-20,서울·인천·경기도,제 08-39호 | 폭염주의보 발표
2010-08-20,서울·인천·경기도,제 08-9호 | 폭염주의보 발표
2010-08-20,서울·인천·경기도,제 08-40호 | 폭염주의보 발표
2010-08-21,서울·인천·경기도,제 08-41호 | 폭염경보 대치
2010-08-23,서울·인천·경기도,제 08-10호 | 폭염주의보 해제
2010-08-23,서울·인천·경기도,제 08-42호 | 폭염경보·폭염주의보 해제
2010-09-04,서울·인천·경기도,제 09-9호 | 폭염주의보 발표
2010-09-05,서울·인천·경기도,제 09-11호 | 호우주의보·폭염주의보 해제
2011-06-20,서울·인천·경기도,제 06-1호 | 폭염주의보 발표
2011-06-20,서울·인천·경기도,제 06-2호 | 폭염주의보 해제
2011-06-21,서울·인천·경기도,제 06-3호 | 폭염주의보 해제
2011-07-19,서울·인천·경기도,제 07-28호 | 폭염주의보 발표
2011-07-21,서울·인천·경기도,제 07-29호 | 폭염주의보 해제
2011-08-06,서울·인천·경기도,제 08-8호 | 폭염주의보 발표
2011-08-07,서울·인천·경기도,제 08-11호 | 폭염주의보 해제
2011-08-31,서울·인천·경기도,제 08-42호 | 폭염주의보 발표
2011-09-02,서울·인천·경기도,제 09-1호 | 폭염주의보 해제
2012-06-25,서울·인천·경기도,제 06-1호 | 폭염주의보 발표
2012-06-25,서울·인천·경기도,제 06-1호 | 폭염주의보 발표
2012-06-25,서울·인천·경기도,제 06-2호 | 폭염주의보 해제
2012-06-25,서울·인천·경기도,제 06-2호 | 폭염주의보 해제
2012-07-08,서울·인천·경기도,제 07-16호 | 폭염주의보 발표
2012-07-09,서울·인천·경기도,제 07-17호 | 폭염주의보 해제
2012-07-24,서울·인천·경기도,제 07-33호 | 폭염주의보 발표
2012-07-24,서울·인천·경기도,제 07-34호 | 폭염주의보 발표
2012-07-25,서울·인천·경기도,제 07-35호 | 폭염주의보 발표
2012-07-25,서울·인천·경기도,제 07-36호 | 폭염주의보 발표
2012-07-29,서울·인천·경기도,제 07-37호 | 폭염주의보 해제
2012-07-31,서울·인천·경기도,제 07-38호 | 폭염주의보 발표
2012-08-01,서울·인천·경기도,제 08-1호 | 폭염경보 대치·폭염주의보 발표
2012-08-01,서울·인천·경기도,제 08-1호 | 폭염주의보 발표
2012-08-01,서울·인천·경기도,제 08-2호 | 폭염경보 대치
2012-08-02,서울·인천·경기도,제 08-3호 | 폭염경보 대치
2012-08-08,서울·인천·경기도,제 08-2호 | 폭염주의보 해제
2012-08-08,서울·인천·경기도,제 08-4호 | 폭염주의보 대치
2012-08-09,서울·인천·경기도,제 08-5호 | 폭염주의보 대치·폭염주의보 해제
2012-08-10,서울·인천·경기도,제 08-6호 | 폭염주의보 해제
2013-06-28,서울·인천·경기도,제 06-1호 | 폭염주의보 발표
2013-06-30,서울·인천·경기도,제 06-2호 | 폭염주의보 해제
2013-07-01,서울·인천·경기도,제 07-1호 | 폭염주의보 해제
2013-08-05,서울·인천·경기도,제 08-3호 | 폭염주의보 발표
2013-08-05,서울·인천·경기도,제 08-4호 | 폭염주의보 발표
2013-08-06,서울·인천·경기도,제 08-6호 | 호우주의보 해제·폭염주의보 발표
2013-08-09,서울·인천·경기도,제 08-7호 | 폭염주의보 해제
2013-08-10,서울·인천·경기도,제 08-8호 | 폭염주의보 발표
2013-08-11,서울·인천·경기도,제 08-11호 | 폭염주의보 발표
2013-08-17,서울·인천·경기도,제 08-12호 | 폭염주의보 해제
2013-08-19,서울·인천·경기도,제 08-13호 | 폭염주의보 발표
2013-08-26,서울·인천·경기도,제 08-21호 | 폭염주의보 해제
2014-07-09,서울·인천·경기도,제 07-3호 | 폭염주의보 발표
2014-07-10,서울·인천·경기도,제 07-4호 | 폭염주의보 발표
2014-07-11,서울·인천·경기도,제 07-5호 | 폭염주의보 발표
2014-07-11,서울·인천·경기도,제 07-6호 | 폭염주의보 해제
2014-07-20,서울·인천·경기도,제 07-17호 | 폭염주의보 발표
2014-07-22,서울·인천·경기도,제 07-18호 | 폭염주의보 해제
2014-07-30,서울·인천·경기도,제 07-38호 | 폭염주의보 발표
2014-07-31,서울·인천·경기도,제 07-39호 | 폭염주의보 발표
2014-07-31,서울·인천·경기도,제 07-40호 | 폭염주의보 발표
2014-08-01,서울·인천·경기도,제 08-1호 | 폭염주의보 발표
2014-08-01,서울·인천·경기도,제 08-1호 | 폭염주의보 발표
2014-08-01,서울·인천·경기도,제 08-2호 | 폭염주의보 발표
2014-08-01,서울·인천·경기도,제 08-2호 | 폭염경보 대치
2014-08-01,서울·인천·경기도,제 08-3호 | 폭염주의보 대치
2014-08-02,서울·인천·경기도,제 08-3호 | 폭염주의보 해제
2014-08-02,서울·인천·경기도,제 08-4호 | 폭염주의보 해제
2015-05-27,서울·인천·경기도,제 05-16호 | 폭염주의보 발표
2015-05-28,서울·인천·경기도,제 05-17호 | 폭염주의보 해제
2015-05-29,서울·인천·경기도,제 05-19호 | 폭염주의보 해제
2015-07-10,서울·인천·경기도,제 07-1호 | 폭염주의보 발표
2015-07-11,서울·인천·경기도,제 07-2호 | 폭염주의보 해제
2015-07-14,서울·인천·경기도,제 07-15호 | 폭염주의보 발표
2015-07-15,서울·인천·경기도,제 07-16호 | 폭염주의보 해제
2015-07-30,서울·인천·경기도,제 07-47호 | 폭염주의보 발표
2015-07-31,서울·인천·경기도,제 07-48호 | 폭염주의보 해제
2015-08-03,서울·인천·경기도,제 08-7호 | 폭염주의보 발표
2015-08-04,서울·인천·경기도,제 08-8호 | 폭염주의보 발표
2015-08-05,서울·인천·경기도,제 08-9호 | 폭염주의보 발표
2015-08-05,서울·인천·경기도,제 08-10호 | 폭염주의보 발표
2015-08-06,서울·인천·경기도,제 08-11호 | 폭염경보 대치
2015-08-06,서울·인천·경기도,제 08-12호 | 폭염주의보 발표
2015-08-07,서울·인천·경기도,제 08-13호 | 폭염경보 대치
2015-08-08,서울·인천·경기도,제 08-14호 | 폭염주의보 대치
2015-08-08,서울·인천·경기도,제 08-21호 | 호우주의보·폭염주의보 해제·폭염주의보 대치
2015-08-10,서울·인천·경기도,제 08-22호 | 폭염주의보 해제
2015-08-17,서울·인천·경기도,제 08-29호 | 폭염주의보 발표
2015-08-18,서울·인천·경기도,제 08-30호 | 폭염주의보 해제
2016-05-19,서울·인천·경기도,제 05-19호 | 폭염주의보·건조주의보 발표
2016-05-20,서울·인천·경기도,제 05-21호 | 폭염주의보 발표
2016-05-22,서울·인천·경기도,제 05-23호 | 폭염주의보 해제
2016-06-27,서울·인천·경기도,제 06-3호 | 폭염주의보 발표
2016-06-29,서울·인천·경기도,제 06-4호 | 폭염주의보 해제
2016-07-08,서울·인천·경기도,제 07-17호 | 폭염주의보 발표
2016-07-08,서울·인천·경기도,제 07-18호 | 폭염주의보 발표
2016-07-09,서울·인천·경기도,제 07-19호 | 폭염경보 대치·폭염주의보 발표
2016-07-11,서울·인천·경기도,제 07-20호 | 폭염경보·폭염주의보 해제
2016-07-13,서울·인천·경기도,제 07-21호 | 폭염주의보 발표
2016-07-14,서울·인천·경기도,제 07-22호 | 폭염주의보 해제
2016-07-19,서울·인천·경기도,제 07-27호 | 폭염주의보 발표
2016-07-20,서울·인천·경기도,제 07-28호 | 폭염주의보 발표
2016-07-20,서울·인천·경기도,제 07-29호 | 폭염주의보 발표
2016-07-23,서울·인천·경기도,제 07-30호 | 폭염주의보 해제
2016-07-26,서울·인천·경기도,제 07-31호 | 폭염주의보 해제
2016-07-30,서울·인천·경기도,제 07-38호 | 폭염주의보 발표
2016-08-03,서울·인천·경기도,제 08-3호 | 폭염경보 대치·폭염주의보 발표
2016-08-05,서울·인천·경기도,제 08-4호 | 폭염주의보 발표
2016-08-06,서울·인천·경기도,제 08-5호 | 폭염주의보 해제·폭염주의보 대치
2016-08-10,서울·인천·경기도,제 08-6호 | 폭염경보 대치
2016-08-11,서울·인천·경기도,제 08-7호 | 폭염경보 대치·폭염주의보 발표
2016-08-14,서울·인천·경기도,제 08-8호 | 폭염주의보 대치·폭염주의보 해제
2016-08-15,서울·인천·경기도,제 08-9호 | 폭염경보 대치
2016-08-15,서울·인천·경기도,제 08-10호 | 폭염경보 대치
2016-08-16,서울·인천·경기도,제 08-11호 | 폭염경보 대치
2016-08-18,서울·인천·경기도,제 08-12호 | 폭염주의보 대치
2016-08-21,서울·인천·경기도,제 08-13호 | 폭염경보 대치·폭염주의보 발표
2016-08-24,서울·인천·경기도,제 08-14호 | 폭염주의보 대치·폭염주의보 해제
2016-08-25,서울·인천·경기도,제 08-15호 | 폭염주의보 해제
2017-06-16,서울·인천·경기도,제 06-5호 | 폭염주의보 발표
2017-06-18,서울·인천·경기도,제 06-6호 | 폭염주의보 발표
2017-06-18,서울·인천·경기도,제 06-7호 | 폭염주의보 발표
2017-06-19,서울·인천·경기도,제 06-8호 | 폭염주의보 발표
2017-06-24,서울·인천·경기도,제 06-9호 | 폭염주의보 해제
2017-07-04,서울·인천·경기도,제 07-20호 | 폭염주의보 발표
2017-07-06,서울·인천·경기도,제 07-21호 | 폭염주의보 해제
2017-07-11,서울·인천·경기도,제 07-45호 | 폭염주의보 발표
2017-07-11,서울·인천·경기도,제 07-46호 | 폭염주의보 발표
2017-07-14,서울·인천·경기도,제 07-47호 | 폭염주의보 해제
2017-07-19,서울·인천·경기도,제 07-62호 | 폭염주의보 발표
2017-07-20,서울·인천·경기도,제 07-63호 | 폭염경보 대치·폭염주의보 발표
2017-07-21,서울·인천·경기도,제 07-64호 | 폭염경보 대치
2017-07-21,서울·인천·경기도,제 07-65호 | 폭염주의보 대치
2017-07-22,서울·인천·경기도,제 07-66호 | 호우주의보 발표·폭염주의보 해제
2017-07-23,서울·인천·경기도,제 07-73호 | 호우주의보 발표·폭염주의보 해제
2017-07-25,서울·인천·경기도,제 07-88호 | 폭염주의보 발표
2017-07-25,서울·인천·경기도,제 07-89호 | 폭염주의보 발표
2017-07-27,서울·인천·경기도,제 07-90호 | 폭염주의보 해제
2017-08-01,서울·인천·경기도,제 08-1호 | 폭염주의보 발표
2017-08-01,서울·인천·경기도,제 08-2호 | 폭염주의보 발표
2017-08-02,서울·인천·경기도,제 08-3호 | 폭염경보 대치
2017-08-03,서울·인천·경기도,제 08-4호 | 폭염경보 대치·폭염주의보 발표
2017-08-06,서울·인천·경기도,제 08-5호 | 폭염주의보 대치
2017-08-06,서울·인천·경기도,제 08-6호 | 폭염주의보 해제
2017-08-07,서울·인천·경기도,제 08-7호 | 폭염주의보 해제
2017-08-09,서울·인천·경기도,제 08-8호 | 폭염주의보 발표
2017-08-09,서울·인천·경기도,제 08-9호 | 폭염주의보 해제
2017-08-11,서울·인천·경기도,제 08-17호 | 폭염주의보 발표
2017-08-13,서울·인천·경기도,제 08-18호 | 폭염주의보 해제
2018-06-23,서울·인천·경기도,제 06-5호 | 폭염주의보 발표
2018-06-25,서울·인천·경기도,제 06-6호 | 폭염주의보 해제
2018-07-11,서울·인천·경기도,제 07-23호 | 폭염주의보 발표
2018-07-13,서울·인천·경기도,제 07-24호 | 폭염주의보 발표
2018-07-15,서울·인천·경기도,제 07-25호 | 폭염경보 대치
2018-07-15,서울·인천·경기도,제 07-26호 | 폭염주의보 발표
2018-07-16,서울·인천·경기도,제 07-27호 | 폭염경보 대치
2018-07-19,서울·인천·경기도,제 07-28호 | 폭염경보 대치
2018-07-20,서울·인천·경기도,제 07-29호 | 폭염경보 대치·폭염주의보 발표
2018-07-21,서울·인천·경기도,제 07-30호 | 폭염경보 대치
2018-07-28,서울·인천·경기도,제 07-31호 | 폭염경보 대치·폭염주의보 발표
2018-07-29,서울·인천·경기도,제 07-32호 | 폭염경보 대치
2018-08-16,서울·인천·경기도,제 08-13호 | 폭염주의보 대치
2018-08-17,서울·인천·경기도,제 08-15호 | 강풍주의보·폭염주의보 해제·폭염주의보 대치
2018-08-18,서울·인천·경기도,제 08-17호 | 폭염주의보 해제
2018-08-19,서울·인천·경기도,제 08-18호 | 폭염주의보 발표
2018-08-19,서울·인천·경기도,제 08-19호 | 폭염주의보 발표
2018-08-22,서울·인천·경기도,제 08-26호 | 폭염주의보 해제
,,
,,
,,
,,
,,
,,
,,
,,
,,
,,
,,
,,
,,
,,
,,
,,
,,
,,
,,
,,
,,
,,
,,
,,
,,
,,
,,
,,
,,
,,
,,
,,
,,
,,
,,
,,
,,
,,
,,
,,
,,
,,
,,
,,
,,
,,
,,
,,
,,
,,
,,
,,
,,
,,
,,
,,
,,
,,
,,
,,
,,
,,
,,
,,
,,
,,
,,
,,
,,
,,
,,
,,
,,
,,
,,
,,
,,
,,
,,
,,
,,
,,
,,
,,
,,
,,
,,
,,
,,
,,
,,
,,
,,
,,
,,
,,
,,
,,
,,
,,
,,
,,
,,
,,
,,
,,
,,
,,
,,
,,
,,
,,
,,
,,
,,
,,
,,
,,
,,
,,
,,
,,
,,
,,
,,
,,
,,
,,
,,
,,
,,
,,
,,
,,
,,
,,
,,
,,
,,
,,
,,
,,
,,
,,
,,
,,
,,
,,
,,
,,
,,
,,
,,
,,
,,
,,
,,
,,
,,
,,
,,
,,
,,
,,
,,
,,
,,
,,
,,
,,
,,
,,
,,
,,
,,
,,
,,
,,
,,
,,
,,
,,
,,
,,
,,
,,
,,
,,
,,
,,
,,
,,
,,
,,
,,
,,
,,
,,
,,
,,
,,
,,
,,
,,
,,
,,
,,
,,
,,
,,
,,
,,
,,
,,
,,
,,
,,
,,
,,
,,
,,
,,
,,
,,
,,
,,
,,
,,
,,
,,
,,
,,
,,
,,
,,
,,
,,
,,
,,
,,
,,
,,
,,
,,
,,
,,
,,
,,
,,
,,
,,
,,
,,
,,
,,
,,
,,
,,
,,
,,
,,
,,
,,
,,
,,
,,
,,
,,
,,
,,
,,
,,
,,
,,
,,
,,
,,
,,
,,
,,
,,
,,
,,
,,
,,
,,
,,
,,
,,
,,
,,
,,
,,
,,
,,
,,
,,
,,
,,
,,
,,
,,
,,
,,
,,
,,
,,
,,
,,
,,
,,
,,
,,
,,
,,
,,
,,
,,
,,
,,
,,
,,
,,
,,
,,
,,
,,
,,
,,
,,
,,
,,
,,
,,
,,
,,
,,
,,
,,
,,
,,
,,
,,
,,
,,
,,
,,
,,
,,
,,
,,
,,
,,
,,
,,
,,
,,
,,
,,
,,
,,
,,
,,
,,
,,
,,
,,
,,
,,
,,
,,
,,
,,
,,
,,
,,
,,
,,
,,
,,
,,
,,
,,
,,
,,
,,
,,
,,
,,
,,
,,
,,
,,
,,
,,
,,
,,
,,
,,
,,
,,
,,
,,
,,
,,
,,
,,
,,
,,
,,
,,
,,
,,
,,
,,
,,
,,
,,
,,
,,
,,
,,
,,
,,
,,
,,
,,
,,
,,
,,
,,
,,
,,
,,
,,
,,
,,
,,
,,
,,
,,
,,
,,
,,
,,
,,
,,
,,
,,
,,
,,
,,
,,
,,
,,
,,
,,
,,
,,
,,
,,
,,
,,
,,
,,
,,
,,
,,
,,
,,
,,
,,
,,
,,
,,
,,
,,
,,
,,
,,
,,
,,
,,
,,
,,
,,
,,
,,
,,
,,
,,
,,
,,
,,
,,
,,
,,
,,
,,
,,
,,
,,
,,
,,
,,
,,
,,
,,
,,
,,
,,
,,
,,
,,
,,
,,
,,
,,
,,
,,
,,
,,
,,
,,
,,
,,
,,
,,
,,
,,
,,
,,
,,
,,
,,
,,
,,
,,
,,
,,
,,
,,
,,
,,
,,
,,
,,
,,
,,
,,
,,
,,
,,
,,
,,
,,
,,
,,
,,
,,
,,
,,
,,
,,
,,
,,
,,
,,
,,
,,
,,
,,
,,
,,
,,
,,
,,
,,
,,
,,
,,
,,
,,
,,
,,
,,
,,
,,
,,
,,
,,
,,
,,
,,
,,
,,
,,
,,
,,
,,
,,
,,
,,
,,
,,
,,
,,
,,
,,
,,
,,
,,
,,
,,
,,
,,
,,
,,
,,
,,
,,
,,
,,
,,
,,
,,
,,
,,
,,
,,
,,
,,
,,
,,
,,
,,
,,
,,
,,
,,
,,
,,
,,
,,
,,
,,
,,
,,
,,
,,
,,
,,
,,
,,
,,
,,
,,
,,
,,
,,
,,
,,
,,
,,
,,
,,
,,
,,
,,
,,
,,
,,
,,
,,
,,
,,
,,
,,
,,
,,
,,
,,
,,
,,
,,
,,
,,
,,
,,
,,
,,
,,
,,
,,
,,
,,
,,
,,
,,
,,
,,
,,
,,
,,
,,
,,
,,
,,
,,
,,
,,
,,
,,
,,
,,
,,
,,
,,
,,
,,
,,
,,
,,
,,
,,
,,
,,
,,
,,
,,
,,
,,
,,
,,
,,
,,
,,
,,
,,
,,
,,
,,
,,
,,
,,
,,
,,
,,
,,
,,
,,
,,
,,
,,
,,
,,
,,
,,
,,
,,
,,
,,
,,
,,
,,
,,
,,
,,
,,
,,
,,
,,
,,
,,
,,
,,
,,
,,
,,
,,
,,
,,
,,
,,
,,
,,
,,
,,
,,
,,
,,
,,
,,
,,
,,
,,
,,
,,
,,
,,
,,
,,
,,
,,
,,
,,
,,
,,
,,
,,
,,
,,
,,
,,
,,
,,
,,
,,
,,
,,
,,
,,
,,
,,
,,
,,
,,
,,
,,
,,
,,
,,
,,
,,
,,
,,
,,
,,
,,
,,
,,
,,
,,
,,
,,
,,
,,
,,
,,
,,
,,
,,
,,
,,
,,
,,
,,
,,
,,
,,
,,
,,
,,
,,
,,
,,
,,
,,
,,
,,
,,
,,
,,
,,
,,
,,
,,
,,
,,
,,
,,
,,
,,
,,
,,
,,
,,
,,
,,
,,
,,
,,
,,
,,
,,
,,
,,
,,
,,
,,
,,
,,
,,
,,
,,
,,
,,
,,
,,
,,
,,
,,
,,
,,
,,
,,
,,
,,
,,
,,
,,
,,
,,
,,
,,
,,
,,
,,
,,
,,
,,
,,
,,
,,
,,
,,
,,
,,
,,
,,
,,
,,
,,
,,
,,
,,
,,
,,
,,
,,
,,
,,
,,
,,
,,
,,
,,
,,
,,
,,
,,
,,
,,
,,
,,
,,
,,
,,
,,
,,
,,
,,
,,
,,
,,
,,
,,
,,
,,
,,
,,
,,
,,
,,
,,
,,
,,
,,
,,
,,
,,
,,
,,
,,
,,
,,
,,
,,
,,
,,
,,
,,
,,
,,
,,
,,
,,
,,
,,
,,
,,
,,
,,
,,
,,
,,
,,
,,
,,
,,
,,
,,
,,
,,
,,
,,
,,
,,
,,
,,
,,
,,
,,
,,
,,
,,
,,
,,
,,
,,
,,
,,
,,
,,
,,
,,
,,
,,
,,
,,
,,
,,
,,
,,
,,
,,
,,
,,
,,
,,
,,
,,
,,
,,
,,
,,
,,
,,
,,
,,
,,
,,
,,
,,
,,
,,
,,
,,
,,
,,
,,
,,
,,
,,
,,
,,
,,
,,
,,
,,
,,
,,
,,
,,
,,
,,
,,
,,
,,
,,
,,
,,
,,
,,
,,
,,
,,
,,
,,
,,
,,
,,
,,
,,
,,
,,
,,
,,
,,
,,
,,
,,
,,
,,
,,
,,
,,
,,
,,
,,
,,
,,
,,
,,
,,
,,
,,
,,
,,
,,
,,
,,
,,
,,
,,
,,
,,
,,
,,
,,
,,
,,
,,
,,
,,
,,
,,
,,
,,
,,
,,
,,
,,
,,
,,
,,
,,
,,
,,
,,
,,
,,
,,
,,
,,
,,
,,
,,
,,
,,
,,
,,
,,
,,
,,
,,
,,
,,
,,
,,
,,
,,
,,
,,
,,
,,
,,
,,
,,
,,
,,
,,
,,
,,
,,
,,
,,
,,
,,
,,
,,
,,
,,
,,
,,
,,
,,
,,
,,
,,
,,
,,
,,
,,
,,
,,
,,
,,
,,
,,
,,
,,
,,
,,
,,
,,
,,
,,
,,
,,
,,
,,
,,
,,
,,
,,
,,
,,
,,
,,
,,
,,
,,
,,
,,
,,
,,
,,
,,
,,
,,
,,
,,
,,
,,
,,
,,
,,
,,
,,
,,
,,
,,
,,
,,
,,
,,
,,
,,
,,
,,
,,
,,
,,
,,
,,
,,
,,
,,
,,
,,
,,
,,
,,
,,
,,
,,
,,
,,
,,
,,
,,
,,
,,
,,
,,
,,
,,
,,
,,
,,
,,
,,
,,
,,
,,
,,
,,
,,
,,
,,
,,
,,
,,
,,
,,
,,
,,
,,
,,
,,
,,
,,
,,
,,
,,
,,
,,
,,
,,
,,
,,
,,
,,
,,
,,
,,
,,
,,
,,
,,
,,
,,
,,
,,
,,
,,
,,
,,
,,
,,
,,
,,
,,
,,
,,
,,
,,
,,
,,
,,
,,
,,
,,
,,
,,
,,
,,
,,
,,
,,
,,
,,
,,
,,
,,
,,
,,
,,
,,
,,
,,
,,
,,
,,
,,
,,
,,
,,
,,
,,
,,
,,
,,
,,
,,
,,
,,
,,
,,
,,
,,
,,
,,
,,
,,
,,
,,
,,
,,
,,
,,
,,
,,
,,
,,
,,
,,
,,
,,
,,
,,
,,
,,
,,
,,
,,
,,
,,
,,
,,
,,
,,
,,
,,
,,
,,
,,
,,
,,
,,
,,
,,
,,
,,
,,
,,
,,
,,
,,
,,
,,
,,
,,
,,
,,
,,
,,
,,
,,
,,
,,
,,
,,
,,
,,
,,
,,
,,
,,
,,
,,
,,
,,
,,
,,
,,
,,
,,
,,
,,
,,
,,
,,
,,
,,
,,
,,
,,
,,
,,
,,
,,
,,
,,
,,
,,
,,
,,
,,
,,
,,
,,
,,
,,
,,
,,
,,
,,
,,
,,
,,
,,
,,
,,
,,
,,
,,
,,
,,
,,
,,
,,
,,
,,
,,
,,
,,
,,
,,
,,
,,
,,
,,
,,
,,
,,
,,
,,
,,
,,
,,
,,
,,
,,
,,
,,
,,
,,
,,
,,
,,
,,
,,
,,
,,
,,
,,
,,
,,
,,
,,
,,
,,
,,
,,
,,
,,
,,
,,
,,
,,
,,
,,
,,
,,
,,
,,
,,
,,
,,
,,
,,
,,
,,
,,
,,
,,
,,
,,
,,
,,
,,
,,
,,
,,
,,
,,
,,
,,
,,
,,
,,
,,
,,
,,
,,
,,
,,
,,
,,
,,
,,
,,
,,
,,
,,
,,
,,
,,
,,
,,
,,
,,
,,
,,
,,
,,
,,
,,
,,
,,
,,
,,
,,
,,
,,
,,
,,
,,
,,
,,
,,
,,
,,
,,
,,
,,
,,
,,
,,
,,
,,
,,
,,
,,
,,
,,
,,
,,
,,
,,
,,
,,
,,
,,
,,
,,
,,
,,
,,
,,
,,
,,
,,
,,
,,
,,
,,
,,
,,
,,
,,
,,
,,
,,
,,
,,
,,
,,
,,
,,
,,
,,
,,
,,
,,
,,
,,
,,
,,
,,
,,
,,
,,
,,
,,
,,
,,
,,
,,
,,
,,
,,
,,
,,
,,
,,
,,
,,
,,
,,
,,
,,
,,
,,
,,
,,
,,
,,
,,
,,
,,
,,
,,
,,
,,
,,
,,
,,
,,
,,
,,
,,
,,
,,
,,
,,
,,
,,
,,
,,
,,
,,
,,
,,
,,
,,
,,
,,
,,
,,
,,
,,
,,
,,
,,
,,
,,
,,
,,
,,
,,
,,
,,
,,
,,
,,
,,
,,
,,
,,
,,
,,
,,
,,
,,
,,
,,
,,
,,
,,
,,
,,
,,
,,
,,
,,
,,
,,
,,
,,
,,
,,
,,
,,
,,
,,
,,
,,
,,
,,
,,
,,
,,
,,
,,
,,
,,
,,
,,
,,
,,
,,
,,
,,
,,
,,
,,
,,
,,
,,
,,
,,
,,
,,
,,
,,
,,
,,
,,
,,
,,
,,
,,
,,
,,
,,
,,
,,
,,
,,
,,
,,
,,
,,
,,
,,
,,
,,
,,
,,
,,
,,
,,
,,
,,
,,
,,
,,
,,
,,
,,
,,
,,
,,
,,
,,
,,
,,
,,
,,
,,
,,
,,
,,
,,
,,
,,
,,
,,
,,
,,
,,
,,
,,
,,
,,
,,
,,
,,
,,
,,
,,
,,
,,
,,
,,
,,
,,
,,
,,
,,
,,
,,
,,
,,
,,
,,
,,
,,
,,
,,
,,
,,
,,
,,
,,
,,
,,
,,
,,
,,
,,
,,
,,
,,
,,
,,
,,
,,
,,
,,
,,
,,
,,
,,
,,
,,
,,
,,
,,
,,
,,
,,
,,
,,
,,
,,
,,
,,
,,
,,
,,
,,
,,
,,
,,
,,
,,
,,
,,
,,
,,
,,
,,
,,
,,
,,
,,
,,
,,
,,
,,
,,
,,
,,
,,
,,
,,
,,
,,
,,
,,
,,
,,
,,
,,
,,
,,
,,
,,
,,
,,
,,
,,
,,
,,
,,
,,
,,
,,
,,
,,
,,
,,
,,
,,
,,
,,
,,
,,
,,
,,
,,
,,
,,
,,
,,
,,
,,
,,
,,
,,
,,
,,
,,
,,
,,
,,
,,
,,
,,
,,
,,
,,
,,
,,
,,
,,
,,
,,
,,
,,
,,
,,
,,
,,
,,
,,
,,
,,
,,
,,
,,
,,
,,
,,
,,
,,
,,
,,
,,
,,
,,
,,
,,
,,
,,
,,
,,
,,
,,
,,
,,
,,
